,feature,permutation_importance,single_feature_impact,mutual_information_importance,combined_importance,vif
0,new_cases_per_million,1.1769753315154314,0.8084671526393201,0.43583134147396674,0.8070912752095728,1.09599684151887
1,new_deaths_smoothed,0.5307809625100408,0.21859187773111455,0.31096988167425277,0.35344757397180276,3.1974464444084414
2,total_cases_per_million,0.09935866707239818,0.8090867517275648,0.07576311586347018,0.3280695115544777,3.0126094106952013
3,tests_per_case,0.0282627026951368,0.649765240963124,0.048623395707731554,0.24221711312199745,3.131267074985874
4,new_people_vaccinated_smoothed,0.18620441360272855,0.48527579630331497,0.04014677375501119,0.2372089945536849,4.718367425310889
5,new_vaccinations,0.039428759728274684,0.488193313912641,0.04204194358281832,0.18988800574124465,4.9979203656902635
6,stringency_index,0.004707942814770161,0.38518295048796114,0.09016184327432786,0.1600175788590197,4.852417769400838
