,feature,permutation_importance,single_feature_impact,mutual_information_importance,combined_importance,vif
0,new_cases,0.2939755898031985,0.8082388633358679,0.41728596484284486,0.5065001393273038,70729.09254976008
1,new_cases_per_million,0.2469998965137968,0.8084671526393201,0.44674282470181126,0.5007366246183094,70715.45621773993
2,new_deaths_smoothed,0.523673365544846,0.21859187773111455,0.2774351025693802,0.3399001152817802,3.1011214702202055
3,total_cases_per_million,0.057264697199947465,0.8090867517275648,0.0741905952348052,0.3135140147207725,3.0490721662752334
4,tests_per_case,0.02843550648421054,0.649765240963124,0.02760046914149683,0.23526707219627715,3.1180827342228112
5,new_vaccinations_smoothed,0.16462814097619674,0.47933246056093215,0.02773390995766256,0.2238981704982638,2.166797049402287
6,stringency_index,0.01156232971220943,0.38518295048796114,0.10650953988757639,0.16775160669591563,4.865813016518118
