,feature,permutation_importance,single_feature_impact,mutual_information_importance,combined_importance,vif
0,new_cases_per_million,0.2969542523657805,0.8084671526393201,0.40148298965950246,0.502301464888201,70319.56603094123
1,new_cases,0.2505017641290527,0.8082388633358679,0.38272282291323423,0.4804878167927183,70322.05017263084
2,new_deaths_smoothed,0.521584675122795,0.21859187773111455,0.2880487800291123,0.342741777627674,3.199837962295173
3,total_cases_per_million,0.14424222408300885,0.8090867517275648,0.06873981223072878,0.34068959601376747,3.062248384164674
4,new_people_vaccinated_smoothed,0.24374413743046525,0.48527579630331497,0.05719790795291413,0.26207261389556474,4.7201873851061995
5,tests_per_case,0.025645079953352256,0.649765240963124,0.04488666913376971,0.24009899668341536,3.1378970730500497
6,new_vaccinations,0.04132638158650874,0.488193313912641,0.030200172668437553,0.18657328938919573,5.0817221817200915
7,stringency_index,0.00511250031725643,0.38518295048796114,0.06225366677545541,0.1508497058602243,4.890909106542448
