,feature,permutation_importance,single_feature_impact,mutual_information_importance,combined_importance,vif
0,new_cases_per_million,0.3291877183462081,0.8084671526393201,0.42476576800818,0.5208068796645694,70930.52608557288
1,new_cases,0.24020823187910034,0.8082388633358679,0.4400846606672575,0.4961772519607419,70925.2977982394
2,new_deaths_smoothed,0.4568816482777812,0.21859187773111455,0.291843406373113,0.3224389774606696,6.030599586502936
3,total_cases_per_million,0.05902285968929481,0.8090867517275648,0.07229568973032752,0.313468433715729,5.145532021751376
4,new_tests,0.04235451809610591,0.7797924436186815,0.05012819098601007,0.2907583842335992,18.41146415365466
5,tests_per_case,0.02743436625290101,0.649765240963124,0.025220386787613513,0.23413999800121285,3.207471724358198
6,new_people_vaccinated_smoothed,0.14575091667040121,0.48527579630331497,0.06358157100498385,0.23153609465956668,6.894955466661468
7,new_vaccinations,0.028537091633598077,0.488193313912641,0.06122537503898773,0.19265192686174226,5.088132295258683
8,stringency_index,0.004429171165622603,0.38518295048796114,0.10397123538837416,0.16452778568065263,5.314866389548244
