,feature,permutation_importance,single_feature_impact,mutual_information_importance,combined_importance,vif
0,new_cases,0.32771745780250755,0.9985803618143595,4.318579566444658,1.8816257953538418,inf
1,new_cases_per_million,0.2977852323839751,0.9985803618143758,4.312112502116355,1.8694926987715685,inf
2,total_deaths_per_million,0.02898803549672,0.9982622926880821,3.993862628449596,1.6737043188781326,2.464227032010184
3,stringency_index,0.4105287616809825,0.651073946038726,2.31167023561713,1.124424314445613,2.6960716207918676
4,tests_per_case,0.012617942914465007,0.9045387714684359,2.0932045358153895,1.0034537500660967,1.3950718495811798
5,new_people_vaccinated,0.012184148220974245,0.818146347608581,1.2879229966107735,0.7060844974801096,1.4637278031265566
