,feature,permutation_importance,single_feature_impact,mutual_information_importance,combined_importance,vif
0,new_cases,0.3085121977534554,0.9985803618143595,4.3234952949587555,1.8768626181755235,inf
1,new_cases_per_million,0.31078251005912505,0.9985803618143758,4.316260983641099,1.8752079518381999,inf
2,total_deaths,0.008563303155948198,0.9982955825679811,4.001909631599958,1.6695895057746288,inf
3,total_deaths_per_million,0.00669039165931058,0.9982622926880821,3.993685911483523,1.6662128652769719,inf
4,total_cases,0.008156999210683602,0.9983312891030232,3.9550062404766435,1.6538315095967835,1165.56136251682
5,stringency_index,0.4126315457374788,0.651073946038726,2.3134714572953454,1.1257256496905168,3.5318737501466924
6,tests_per_case,0.011796655945764045,0.9045387714684359,2.089647792696577,1.0019944067035924,1.4295383809642732
7,new_people_vaccinated,0.010442172448350684,0.818146347608581,1.2977421526891337,0.7087768909153551,2.3204001405467327
