,feature,permutation_importance,single_feature_impact,mutual_information_importance,combined_importance,vif
0,new_cases,0.34845287680594994,0.9985803618143595,4.304035849785407,1.8836896961352387,inf
1,new_cases_per_million,0.24927025693686886,0.9985803618143758,4.320744320462018,1.8561983130710875,inf
2,total_deaths_per_million,0.015140071738336158,0.9982622926880821,3.9910175926052287,1.6681399856772157,inf
3,total_deaths,0.008625389327285826,0.9982955825679811,3.992277554028371,1.6663995086412127,inf
4,stringency_index,0.4050763791033038,0.651073946038726,2.311966264094915,1.1227055297456483,2.6960716207918676
5,tests_per_case,0.010127506894426319,0.9045387714684359,2.090802290552403,1.0018228563050884,1.3950718495811798
6,new_people_vaccinated,0.011617420191375105,0.818146347608581,1.3033914036052678,0.7110517238017412,1.4637278031265566
